First Name,Last Name,Email,Mobile Number,Gender,Date of Birth,City,State,Country,Tags
ValidUser,Last0,valid.0@demo.com,9998000000,male,1990-01-01,Mumbai,Maharashtra,India,VIP
ValidUser,Last1,valid.1@demo.com,9998000001,male,1990-01-01,Mumbai,Maharashtra,India,VIP
ValidUser,Last2,valid.2@demo.com,9998000002,male,1990-01-01,Mumbai,Maharashtra,India,VIP
ValidUser,Last3,valid.3@demo.com,9998000003,male,1990-01-01,Mumbai,Maharashtra,India,VIP
ValidUser,Last4,valid.4@demo.com,9998000004,male,1990-01-01,Mumbai,Maharashtra,India,VIP
ValidUser,Last5,valid.5@demo.com,9998000005,male,1990-01-01,Mumbai,Maharashtra,India,VIP
ValidUser,Last6,valid.6@demo.com,9998000006,male,1990-01-01,Mumbai,Maharashtra,India,VIP
ValidUser,Last7,valid.7@demo.com,9998000007,male,1990-01-01,Mumbai,Maharashtra,India,VIP
ValidUser,Last8,valid.8@demo.com,9998000008,male,1990-01-01,Mumbai,Maharashtra,India,VIP
ValidUser,Last9,valid.9@demo.com,9998000009,male,1990-01-01,Mumbai,Maharashtra,India,VIP
ValidUser,Last10,valid.10@demo.com,9998000010,male,1990-01-01,Mumbai,Maharashtra,India,VIP
ValidUser,Last11,valid.11@demo.com,9998000011,male,1990-01-01,Mumbai,Maharashtra,India,VIP
ValidUser,Last12,valid.12@demo.com,9998000012,male,1990-01-01,Mumbai,Maharashtra,India,VIP
ValidUser,Last13,valid.13@demo.com,9998000013,male,1990-01-01,Mumbai,Maharashtra,India,VIP
ValidUser,Last14,valid.14@demo.com,9998000014,male,1990-01-01,Mumbai,Maharashtra,India,VIP
ValidUser,Last15,valid.15@demo.com,9998000015,male,1990-01-01,Mumbai,Maharashtra,India,VIP
ValidUser,Last16,valid.16@demo.com,9998000016,male,1990-01-01,Mumbai,Maharashtra,India,VIP
ValidUser,Last17,valid.17@demo.com,9998000017,male,1990-01-01,Mumbai,Maharashtra,India,VIP
ValidUser,Last18,valid.18@demo.com,9998000018,male,1990-01-01,Mumbai,Maharashtra,India,VIP
ValidUser,Last19,valid.19@demo.com,9998000019,male,1990-01-01,Mumbai,Maharashtra,India,VIP
ValidUser,Last20,valid.20@demo.com,9998000020,male,1990-01-01,Mumbai,Maharashtra,India,VIP
ValidUser,Last21,valid.21@demo.com,9998000021,male,1990-01-01,Mumbai,Maharashtra,India,VIP
ValidUser,Last22,valid.22@demo.com,9998000022,male,1990-01-01,Mumbai,Maharashtra,India,VIP
ValidUser,Last23,valid.23@demo.com,9998000023,male,1990-01-01,Mumbai,Maharashtra,India,VIP
ValidUser,Last24,valid.24@demo.com,9998000024,male,1990-01-01,Mumbai,Maharashtra,India,VIP
ValidUser,Last25,valid.25@demo.com,9998000025,male,1990-01-01,Mumbai,Maharashtra,India,VIP
ValidUser,Last26,valid.26@demo.com,9998000026,male,1990-01-01,Mumbai,Maharashtra,India,VIP
ValidUser,Last27,valid.27@demo.com,9998000027,male,1990-01-01,Mumbai,Maharashtra,India,VIP
ValidUser,Last28,valid.28@demo.com,9998000028,male,1990-01-01,Mumbai,Maharashtra,India,VIP
ValidUser,Last29,valid.29@demo.com,9998000029,male,1990-01-01,Mumbai,Maharashtra,India,VIP
ValidUser,Last30,valid.30@demo.com,9998000030,male,1990-01-01,Mumbai,Maharashtra,India,VIP
ValidUser,Last31,valid.31@demo.com,9998000031,male,1990-01-01,Mumbai,Maharashtra,India,VIP
ValidUser,Last32,valid.32@demo.com,9998000032,male,1990-01-01,Mumbai,Maharashtra,India,VIP
ValidUser,Last33,valid.33@demo.com,9998000033,male,1990-01-01,Mumbai,Maharashtra,India,VIP
ValidUser,Last34,valid.34@demo.com,9998000034,male,1990-01-01,Mumbai,Maharashtra,India,VIP
ValidUser,Last35,valid.35@demo.com,9998000035,male,1990-01-01,Mumbai,Maharashtra,India,VIP
ValidUser,Last36,valid.36@demo.com,9998000036,male,1990-01-01,Mumbai,Maharashtra,India,VIP
ValidUser,Last37,valid.37@demo.com,9998000037,male,1990-01-01,Mumbai,Maharashtra,India,VIP
ValidUser,Last38,valid.38@demo.com,9998000038,male,1990-01-01,Mumbai,Maharashtra,India,VIP
ValidUser,Last39,valid.39@demo.com,9998000039,male,1990-01-01,Mumbai,Maharashtra,India,VIP
ValidUser,Last40,valid.40@demo.com,9998000040,male,1990-01-01,Mumbai,Maharashtra,India,VIP
ValidUser,Last41,valid.41@demo.com,9998000041,male,1990-01-01,Mumbai,Maharashtra,India,VIP
ValidUser,Last42,valid.42@demo.com,9998000042,male,1990-01-01,Mumbai,Maharashtra,India,VIP
ValidUser,Last43,valid.43@demo.com,9998000043,male,1990-01-01,Mumbai,Maharashtra,India,VIP
ValidUser,Last44,valid.44@demo.com,9998000044,male,1990-01-01,Mumbai,Maharashtra,India,VIP
ValidUser,Last45,valid.45@demo.com,9998000045,male,1990-01-01,Mumbai,Maharashtra,India,VIP
ValidUser,Last46,valid.46@demo.com,9998000046,male,1990-01-01,Mumbai,Maharashtra,India,VIP
ValidUser,Last47,valid.47@demo.com,9998000047,male,1990-01-01,Mumbai,Maharashtra,India,VIP
ValidUser,Last48,valid.48@demo.com,9998000048,male,1990-01-01,Mumbai,Maharashtra,India,VIP
ValidUser,Last49,valid.49@demo.com,9998000049,male,1990-01-01,Mumbai,Maharashtra,India,VIP
ValidUser,Last50,valid.50@demo.com,9998000050,male,1990-01-01,Mumbai,Maharashtra,India,VIP
ValidUser,Last51,valid.51@demo.com,9998000051,male,1990-01-01,Mumbai,Maharashtra,India,VIP
ValidUser,Last52,valid.52@demo.com,9998000052,male,1990-01-01,Mumbai,Maharashtra,India,VIP
ValidUser,Last53,valid.53@demo.com,9998000053,male,1990-01-01,Mumbai,Maharashtra,India,VIP
ValidUser,Last54,valid.54@demo.com,9998000054,male,1990-01-01,Mumbai,Maharashtra,India,VIP
ValidUser,Last55,valid.55@demo.com,9998000055,male,1990-01-01,Mumbai,Maharashtra,India,VIP
ValidUser,Last56,valid.56@demo.com,9998000056,male,1990-01-01,Mumbai,Maharashtra,India,VIP
ValidUser,Last57,valid.57@demo.com,9998000057,male,1990-01-01,Mumbai,Maharashtra,India,VIP
ValidUser,Last58,valid.58@demo.com,9998000058,male,1990-01-01,Mumbai,Maharashtra,India,VIP
ValidUser,Last59,valid.59@demo.com,9998000059,male,1990-01-01,Mumbai,Maharashtra,India,VIP
ValidUser,Last60,valid.60@demo.com,9998000060,male,1990-01-01,Mumbai,Maharashtra,India,VIP
ValidUser,Last61,valid.61@demo.com,9998000061,male,1990-01-01,Mumbai,Maharashtra,India,VIP
ValidUser,Last62,valid.62@demo.com,9998000062,male,1990-01-01,Mumbai,Maharashtra,India,VIP
ValidUser,Last63,valid.63@demo.com,9998000063,male,1990-01-01,Mumbai,Maharashtra,India,VIP
ValidUser,Last64,valid.64@demo.com,9998000064,male,1990-01-01,Mumbai,Maharashtra,India,VIP
ValidUser,Last65,valid.65@demo.com,9998000065,male,1990-01-01,Mumbai,Maharashtra,India,VIP
ValidUser,Last66,valid.66@demo.com,9998000066,male,1990-01-01,Mumbai,Maharashtra,India,VIP
ValidUser,Last67,valid.67@demo.com,9998000067,male,1990-01-01,Mumbai,Maharashtra,India,VIP
ValidUser,Last68,valid.68@demo.com,9998000068,male,1990-01-01,Mumbai,Maharashtra,India,VIP
ValidUser,Last69,valid.69@demo.com,9998000069,male,1990-01-01,Mumbai,Maharashtra,India,VIP
ValidUser,Last70,valid.70@demo.com,9998000070,male,1990-01-01,Mumbai,Maharashtra,India,VIP
ValidUser,Last71,valid.71@demo.com,9998000071,male,1990-01-01,Mumbai,Maharashtra,India,VIP
ValidUser,Last72,valid.72@demo.com,9998000072,male,1990-01-01,Mumbai,Maharashtra,India,VIP
ValidUser,Last73,valid.73@demo.com,9998000073,male,1990-01-01,Mumbai,Maharashtra,India,VIP
ValidUser,Last74,valid.74@demo.com,9998000074,male,1990-01-01,Mumbai,Maharashtra,India,VIP
ValidUser,Last75,valid.75@demo.com,9998000075,male,1990-01-01,Mumbai,Maharashtra,India,VIP
ValidUser,Last76,valid.76@demo.com,9998000076,male,1990-01-01,Mumbai,Maharashtra,India,VIP
ValidUser,Last77,valid.77@demo.com,9998000077,male,1990-01-01,Mumbai,Maharashtra,India,VIP
ValidUser,Last78,valid.78@demo.com,9998000078,male,1990-01-01,Mumbai,Maharashtra,India,VIP
ValidUser,Last79,valid.79@demo.com,9998000079,male,1990-01-01,Mumbai,Maharashtra,India,VIP
ValidUser,Last80,valid.80@demo.com,9998000080,male,1990-01-01,Mumbai,Maharashtra,India,VIP
ValidUser,Last81,valid.81@demo.com,9998000081,male,1990-01-01,Mumbai,Maharashtra,India,VIP
ValidUser,Last82,valid.82@demo.com,9998000082,male,1990-01-01,Mumbai,Maharashtra,India,VIP
ValidUser,Last83,valid.83@demo.com,9998000083,male,1990-01-01,Mumbai,Maharashtra,India,VIP
ValidUser,Last84,valid.84@demo.com,9998000084,male,1990-01-01,Mumbai,Maharashtra,India,VIP
ValidUser,Last85,valid.85@demo.com,9998000085,male,1990-01-01,Mumbai,Maharashtra,India,VIP
ValidUser,Last86,valid.86@demo.com,9998000086,male,1990-01-01,Mumbai,Maharashtra,India,VIP
ValidUser,Last87,valid.87@demo.com,9998000087,male,1990-01-01,Mumbai,Maharashtra,India,VIP
ValidUser,Last88,valid.88@demo.com,9998000088,male,1990-01-01,Mumbai,Maharashtra,India,VIP
ValidUser,Last89,valid.89@demo.com,9998000089,male,1990-01-01,Mumbai,Maharashtra,India,VIP
ValidUser,Last90,valid.90@demo.com,9998000090,male,1990-01-01,Mumbai,Maharashtra,India,VIP
ValidUser,Last91,valid.91@demo.com,9998000091,male,1990-01-01,Mumbai,Maharashtra,India,VIP
ValidUser,Last92,valid.92@demo.com,9998000092,male,1990-01-01,Mumbai,Maharashtra,India,VIP
ValidUser,Last93,valid.93@demo.com,9998000093,male,1990-01-01,Mumbai,Maharashtra,India,VIP
ValidUser,Last94,valid.94@demo.com,9998000094,male,1990-01-01,Mumbai,Maharashtra,India,VIP
ValidUser,Last95,valid.95@demo.com,9998000095,male,1990-01-01,Mumbai,Maharashtra,India,VIP
ValidUser,Last96,valid.96@demo.com,9998000096,male,1990-01-01,Mumbai,Maharashtra,India,VIP
ValidUser,Last97,valid.97@demo.com,9998000097,male,1990-01-01,Mumbai,Maharashtra,India,VIP
ValidUser,Last98,valid.98@demo.com,9998000098,male,1990-01-01,Mumbai,Maharashtra,India,VIP
ValidUser,Last99,valid.99@demo.com,9998000099,male,1990-01-01,Mumbai,Maharashtra,India,VIP
ValidUser,Last100,valid.100@demo.com,9998000100,male,1990-01-01,Mumbai,Maharashtra,India,VIP
ValidUser,Last101,valid.101@demo.com,9998000101,male,1990-01-01,Mumbai,Maharashtra,India,VIP
ValidUser,Last102,valid.102@demo.com,9998000102,male,1990-01-01,Mumbai,Maharashtra,India,VIP
ValidUser,Last103,valid.103@demo.com,9998000103,male,1990-01-01,Mumbai,Maharashtra,India,VIP
ValidUser,Last104,valid.104@demo.com,9998000104,male,1990-01-01,Mumbai,Maharashtra,India,VIP
ValidUser,Last105,valid.105@demo.com,9998000105,male,1990-01-01,Mumbai,Maharashtra,India,VIP
ValidUser,Last106,valid.106@demo.com,9998000106,male,1990-01-01,Mumbai,Maharashtra,India,VIP
ValidUser,Last107,valid.107@demo.com,9998000107,male,1990-01-01,Mumbai,Maharashtra,India,VIP
ValidUser,Last108,valid.108@demo.com,9998000108,male,1990-01-01,Mumbai,Maharashtra,India,VIP
ValidUser,Last109,valid.109@demo.com,9998000109,male,1990-01-01,Mumbai,Maharashtra,India,VIP
ValidUser,Last110,valid.110@demo.com,9998000110,male,1990-01-01,Mumbai,Maharashtra,India,VIP
ValidUser,Last111,valid.111@demo.com,9998000111,male,1990-01-01,Mumbai,Maharashtra,India,VIP
ValidUser,Last112,valid.112@demo.com,9998000112,male,1990-01-01,Mumbai,Maharashtra,India,VIP
ValidUser,Last113,valid.113@demo.com,9998000113,male,1990-01-01,Mumbai,Maharashtra,India,VIP
ValidUser,Last114,valid.114@demo.com,9998000114,male,1990-01-01,Mumbai,Maharashtra,India,VIP
ValidUser,Last115,valid.115@demo.com,9998000115,male,1990-01-01,Mumbai,Maharashtra,India,VIP
ValidUser,Last116,valid.116@demo.com,9998000116,male,1990-01-01,Mumbai,Maharashtra,India,VIP
ValidUser,Last117,valid.117@demo.com,9998000117,male,1990-01-01,Mumbai,Maharashtra,India,VIP
ValidUser,Last118,valid.118@demo.com,9998000118,male,1990-01-01,Mumbai,Maharashtra,India,VIP
ValidUser,Last119,valid.119@demo.com,9998000119,male,1990-01-01,Mumbai,Maharashtra,India,VIP
ValidUser,Last120,valid.120@demo.com,9998000120,male,1990-01-01,Mumbai,Maharashtra,India,VIP
ValidUser,Last121,valid.121@demo.com,9998000121,male,1990-01-01,Mumbai,Maharashtra,India,VIP
ValidUser,Last122,valid.122@demo.com,9998000122,male,1990-01-01,Mumbai,Maharashtra,India,VIP
ValidUser,Last123,valid.123@demo.com,9998000123,male,1990-01-01,Mumbai,Maharashtra,India,VIP
ValidUser,Last124,valid.124@demo.com,9998000124,male,1990-01-01,Mumbai,Maharashtra,India,VIP
ValidUser,Last125,valid.125@demo.com,9998000125,male,1990-01-01,Mumbai,Maharashtra,India,VIP
ValidUser,Last126,valid.126@demo.com,9998000126,male,1990-01-01,Mumbai,Maharashtra,India,VIP
ValidUser,Last127,valid.127@demo.com,9998000127,male,1990-01-01,Mumbai,Maharashtra,India,VIP
ValidUser,Last128,valid.128@demo.com,9998000128,male,1990-01-01,Mumbai,Maharashtra,India,VIP
ValidUser,Last129,valid.129@demo.com,9998000129,male,1990-01-01,Mumbai,Maharashtra,India,VIP
ValidUser,Last130,valid.130@demo.com,9998000130,male,1990-01-01,Mumbai,Maharashtra,India,VIP
ValidUser,Last131,valid.131@demo.com,9998000131,male,1990-01-01,Mumbai,Maharashtra,India,VIP
ValidUser,Last132,valid.132@demo.com,9998000132,male,1990-01-01,Mumbai,Maharashtra,India,VIP
ValidUser,Last133,valid.133@demo.com,9998000133,male,1990-01-01,Mumbai,Maharashtra,India,VIP
ValidUser,Last134,valid.134@demo.com,9998000134,male,1990-01-01,Mumbai,Maharashtra,India,VIP
ValidUser,Last135,valid.135@demo.com,9998000135,male,1990-01-01,Mumbai,Maharashtra,India,VIP
ValidUser,Last136,valid.136@demo.com,9998000136,male,1990-01-01,Mumbai,Maharashtra,India,VIP
ValidUser,Last137,valid.137@demo.com,9998000137,male,1990-01-01,Mumbai,Maharashtra,India,VIP
ValidUser,Last138,valid.138@demo.com,9998000138,male,1990-01-01,Mumbai,Maharashtra,India,VIP
ValidUser,Last139,valid.139@demo.com,9998000139,male,1990-01-01,Mumbai,Maharashtra,India,VIP
ValidUser,Last140,valid.140@demo.com,9998000140,male,1990-01-01,Mumbai,Maharashtra,India,VIP
ValidUser,Last141,valid.141@demo.com,9998000141,male,1990-01-01,Mumbai,Maharashtra,India,VIP
ValidUser,Last142,valid.142@demo.com,9998000142,male,1990-01-01,Mumbai,Maharashtra,India,VIP
ValidUser,Last143,valid.143@demo.com,9998000143,male,1990-01-01,Mumbai,Maharashtra,India,VIP
ValidUser,Last144,valid.144@demo.com,9998000144,male,1990-01-01,Mumbai,Maharashtra,India,VIP
ValidUser,Last145,valid.145@demo.com,9998000145,male,1990-01-01,Mumbai,Maharashtra,India,VIP
ValidUser,Last146,valid.146@demo.com,9998000146,male,1990-01-01,Mumbai,Maharashtra,India,VIP
ValidUser,Last147,valid.147@demo.com,9998000147,male,1990-01-01,Mumbai,Maharashtra,India,VIP
ValidUser,Last148,valid.148@demo.com,9998000148,male,1990-01-01,Mumbai,Maharashtra,India,VIP
ValidUser,Last149,valid.149@demo.com,9998000149,male,1990-01-01,Mumbai,Maharashtra,India,VIP
ValidUser,Last150,valid.150@demo.com,9998000150,male,1990-01-01,Mumbai,Maharashtra,India,VIP
ValidUser,Last151,valid.151@demo.com,9998000151,male,1990-01-01,Mumbai,Maharashtra,India,VIP
ValidUser,Last152,valid.152@demo.com,9998000152,male,1990-01-01,Mumbai,Maharashtra,India,VIP
ValidUser,Last153,valid.153@demo.com,9998000153,male,1990-01-01,Mumbai,Maharashtra,India,VIP
ValidUser,Last154,valid.154@demo.com,9998000154,male,1990-01-01,Mumbai,Maharashtra,India,VIP
ValidUser,Last155,valid.155@demo.com,9998000155,male,1990-01-01,Mumbai,Maharashtra,India,VIP
ValidUser,Last156,valid.156@demo.com,9998000156,male,1990-01-01,Mumbai,Maharashtra,India,VIP
ValidUser,Last157,valid.157@demo.com,9998000157,male,1990-01-01,Mumbai,Maharashtra,India,VIP
ValidUser,Last158,valid.158@demo.com,9998000158,male,1990-01-01,Mumbai,Maharashtra,India,VIP
ValidUser,Last159,valid.159@demo.com,9998000159,male,1990-01-01,Mumbai,Maharashtra,India,VIP
ValidUser,Last160,valid.160@demo.com,9998000160,male,1990-01-01,Mumbai,Maharashtra,India,VIP
ValidUser,Last161,valid.161@demo.com,9998000161,male,1990-01-01,Mumbai,Maharashtra,India,VIP
ValidUser,Last162,valid.162@demo.com,9998000162,male,1990-01-01,Mumbai,Maharashtra,India,VIP
ValidUser,Last163,valid.163@demo.com,9998000163,male,1990-01-01,Mumbai,Maharashtra,India,VIP
ValidUser,Last164,valid.164@demo.com,9998000164,male,1990-01-01,Mumbai,Maharashtra,India,VIP
ValidUser,Last165,valid.165@demo.com,9998000165,male,1990-01-01,Mumbai,Maharashtra,India,VIP
ValidUser,Last166,valid.166@demo.com,9998000166,male,1990-01-01,Mumbai,Maharashtra,India,VIP
ValidUser,Last167,valid.167@demo.com,9998000167,male,1990-01-01,Mumbai,Maharashtra,India,VIP
ValidUser,Last168,valid.168@demo.com,9998000168,male,1990-01-01,Mumbai,Maharashtra,India,VIP
ValidUser,Last169,valid.169@demo.com,9998000169,male,1990-01-01,Mumbai,Maharashtra,India,VIP
ValidUser,Last170,valid.170@demo.com,9998000170,male,1990-01-01,Mumbai,Maharashtra,India,VIP
ValidUser,Last171,valid.171@demo.com,9998000171,male,1990-01-01,Mumbai,Maharashtra,India,VIP
ValidUser,Last172,valid.172@demo.com,9998000172,male,1990-01-01,Mumbai,Maharashtra,India,VIP
ValidUser,Last173,valid.173@demo.com,9998000173,male,1990-01-01,Mumbai,Maharashtra,India,VIP
ValidUser,Last174,valid.174@demo.com,9998000174,male,1990-01-01,Mumbai,Maharashtra,India,VIP
ValidUser,Last175,valid.175@demo.com,9998000175,male,1990-01-01,Mumbai,Maharashtra,India,VIP
ValidUser,Last176,valid.176@demo.com,9998000176,male,1990-01-01,Mumbai,Maharashtra,India,VIP
ValidUser,Last177,valid.177@demo.com,9998000177,male,1990-01-01,Mumbai,Maharashtra,India,VIP
ValidUser,Last178,valid.178@demo.com,9998000178,male,1990-01-01,Mumbai,Maharashtra,India,VIP
ValidUser,Last179,valid.179@demo.com,9998000179,male,1990-01-01,Mumbai,Maharashtra,India,VIP
ValidUser,Last180,valid.180@demo.com,9998000180,male,1990-01-01,Mumbai,Maharashtra,India,VIP
ValidUser,Last181,valid.181@demo.com,9998000181,male,1990-01-01,Mumbai,Maharashtra,India,VIP
ValidUser,Last182,valid.182@demo.com,9998000182,male,1990-01-01,Mumbai,Maharashtra,India,VIP
ValidUser,Last183,valid.183@demo.com,9998000183,male,1990-01-01,Mumbai,Maharashtra,India,VIP
ValidUser,Last184,valid.184@demo.com,9998000184,male,1990-01-01,Mumbai,Maharashtra,India,VIP
ValidUser,Last185,valid.185@demo.com,9998000185,male,1990-01-01,Mumbai,Maharashtra,India,VIP
ValidUser,Last186,valid.186@demo.com,9998000186,male,1990-01-01,Mumbai,Maharashtra,India,VIP
ValidUser,Last187,valid.187@demo.com,9998000187,male,1990-01-01,Mumbai,Maharashtra,India,VIP
ValidUser,Last188,valid.188@demo.com,9998000188,male,1990-01-01,Mumbai,Maharashtra,India,VIP
ValidUser,Last189,valid.189@demo.com,9998000189,male,1990-01-01,Mumbai,Maharashtra,India,VIP
ValidUser,Last190,valid.190@demo.com,9998000190,male,1990-01-01,Mumbai,Maharashtra,India,VIP
ValidUser,Last191,valid.191@demo.com,9998000191,male,1990-01-01,Mumbai,Maharashtra,India,VIP
ValidUser,Last192,valid.192@demo.com,9998000192,male,1990-01-01,Mumbai,Maharashtra,India,VIP
ValidUser,Last193,valid.193@demo.com,9998000193,male,1990-01-01,Mumbai,Maharashtra,India,VIP
ValidUser,Last194,valid.194@demo.com,9998000194,male,1990-01-01,Mumbai,Maharashtra,India,VIP
ValidUser,Last195,valid.195@demo.com,9998000195,male,1990-01-01,Mumbai,Maharashtra,India,VIP
ValidUser,Last196,valid.196@demo.com,9998000196,male,1990-01-01,Mumbai,Maharashtra,India,VIP
ValidUser,Last197,valid.197@demo.com,9998000197,male,1990-01-01,Mumbai,Maharashtra,India,VIP
ValidUser,Last198,valid.198@demo.com,9998000198,male,1990-01-01,Mumbai,Maharashtra,India,VIP
ValidUser,Last199,valid.199@demo.com,9998000199,male,1990-01-01,Mumbai,Maharashtra,India,VIP
ValidUser,Last200,valid.200@demo.com,9998000200,male,1990-01-01,Mumbai,Maharashtra,India,VIP
ValidUser,Last201,valid.201@demo.com,9998000201,male,1990-01-01,Mumbai,Maharashtra,India,VIP
ValidUser,Last202,valid.202@demo.com,9998000202,male,1990-01-01,Mumbai,Maharashtra,India,VIP
ValidUser,Last203,valid.203@demo.com,9998000203,male,1990-01-01,Mumbai,Maharashtra,India,VIP
ValidUser,Last204,valid.204@demo.com,9998000204,male,1990-01-01,Mumbai,Maharashtra,India,VIP
ValidUser,Last205,valid.205@demo.com,9998000205,male,1990-01-01,Mumbai,Maharashtra,India,VIP
ValidUser,Last206,valid.206@demo.com,9998000206,male,1990-01-01,Mumbai,Maharashtra,India,VIP
ValidUser,Last207,valid.207@demo.com,9998000207,male,1990-01-01,Mumbai,Maharashtra,India,VIP
ValidUser,Last208,valid.208@demo.com,9998000208,male,1990-01-01,Mumbai,Maharashtra,India,VIP
ValidUser,Last209,valid.209@demo.com,9998000209,male,1990-01-01,Mumbai,Maharashtra,India,VIP
ValidUser,Last210,valid.210@demo.com,9998000210,male,1990-01-01,Mumbai,Maharashtra,India,VIP
ValidUser,Last211,valid.211@demo.com,9998000211,male,1990-01-01,Mumbai,Maharashtra,India,VIP
ValidUser,Last212,valid.212@demo.com,9998000212,male,1990-01-01,Mumbai,Maharashtra,India,VIP
ValidUser,Last213,valid.213@demo.com,9998000213,male,1990-01-01,Mumbai,Maharashtra,India,VIP
ValidUser,Last214,valid.214@demo.com,9998000214,male,1990-01-01,Mumbai,Maharashtra,India,VIP
ValidUser,Last215,valid.215@demo.com,9998000215,male,1990-01-01,Mumbai,Maharashtra,India,VIP
ValidUser,Last216,valid.216@demo.com,9998000216,male,1990-01-01,Mumbai,Maharashtra,India,VIP
ValidUser,Last217,valid.217@demo.com,9998000217,male,1990-01-01,Mumbai,Maharashtra,India,VIP
ValidUser,Last218,valid.218@demo.com,9998000218,male,1990-01-01,Mumbai,Maharashtra,India,VIP
ValidUser,Last219,valid.219@demo.com,9998000219,male,1990-01-01,Mumbai,Maharashtra,India,VIP
ValidUser,Last220,valid.220@demo.com,9998000220,male,1990-01-01,Mumbai,Maharashtra,India,VIP
ValidUser,Last221,valid.221@demo.com,9998000221,male,1990-01-01,Mumbai,Maharashtra,India,VIP
ValidUser,Last222,valid.222@demo.com,9998000222,male,1990-01-01,Mumbai,Maharashtra,India,VIP
ValidUser,Last223,valid.223@demo.com,9998000223,male,1990-01-01,Mumbai,Maharashtra,India,VIP
ValidUser,Last224,valid.224@demo.com,9998000224,male,1990-01-01,Mumbai,Maharashtra,India,VIP
ValidUser,Last225,valid.225@demo.com,9998000225,male,1990-01-01,Mumbai,Maharashtra,India,VIP
ValidUser,Last226,valid.226@demo.com,9998000226,male,1990-01-01,Mumbai,Maharashtra,India,VIP
ValidUser,Last227,valid.227@demo.com,9998000227,male,1990-01-01,Mumbai,Maharashtra,India,VIP
ValidUser,Last228,valid.228@demo.com,9998000228,male,1990-01-01,Mumbai,Maharashtra,India,VIP
ValidUser,Last229,valid.229@demo.com,9998000229,male,1990-01-01,Mumbai,Maharashtra,India,VIP
ValidUser,Last230,valid.230@demo.com,9998000230,male,1990-01-01,Mumbai,Maharashtra,India,VIP
ValidUser,Last231,valid.231@demo.com,9998000231,male,1990-01-01,Mumbai,Maharashtra,India,VIP
ValidUser,Last232,valid.232@demo.com,9998000232,male,1990-01-01,Mumbai,Maharashtra,India,VIP
ValidUser,Last233,valid.233@demo.com,9998000233,male,1990-01-01,Mumbai,Maharashtra,India,VIP
ValidUser,Last234,valid.234@demo.com,9998000234,male,1990-01-01,Mumbai,Maharashtra,India,VIP
ValidUser,Last235,valid.235@demo.com,9998000235,male,1990-01-01,Mumbai,Maharashtra,India,VIP
ValidUser,Last236,valid.236@demo.com,9998000236,male,1990-01-01,Mumbai,Maharashtra,India,VIP
ValidUser,Last237,valid.237@demo.com,9998000237,male,1990-01-01,Mumbai,Maharashtra,India,VIP
ValidUser,Last238,valid.238@demo.com,9998000238,male,1990-01-01,Mumbai,Maharashtra,India,VIP
ValidUser,Last239,valid.239@demo.com,9998000239,male,1990-01-01,Mumbai,Maharashtra,India,VIP
ValidUser,Last240,valid.240@demo.com,9998000240,male,1990-01-01,Mumbai,Maharashtra,India,VIP
ValidUser,Last241,valid.241@demo.com,9998000241,male,1990-01-01,Mumbai,Maharashtra,India,VIP
ValidUser,Last242,valid.242@demo.com,9998000242,male,1990-01-01,Mumbai,Maharashtra,India,VIP
ValidUser,Last243,valid.243@demo.com,9998000243,male,1990-01-01,Mumbai,Maharashtra,India,VIP
ValidUser,Last244,valid.244@demo.com,9998000244,male,1990-01-01,Mumbai,Maharashtra,India,VIP
ValidUser,Last245,valid.245@demo.com,9998000245,male,1990-01-01,Mumbai,Maharashtra,India,VIP
ValidUser,Last246,valid.246@demo.com,9998000246,male,1990-01-01,Mumbai,Maharashtra,India,VIP
ValidUser,Last247,valid.247@demo.com,9998000247,male,1990-01-01,Mumbai,Maharashtra,India,VIP
ValidUser,Last248,valid.248@demo.com,9998000248,male,1990-01-01,Mumbai,Maharashtra,India,VIP
ValidUser,Last249,valid.249@demo.com,9998000249,male,1990-01-01,Mumbai,Maharashtra,India,VIP
ValidUser,Last250,valid.250@demo.com,9998000250,male,1990-01-01,Mumbai,Maharashtra,India,VIP
ValidUser,Last251,valid.251@demo.com,9998000251,male,1990-01-01,Mumbai,Maharashtra,India,VIP
ValidUser,Last252,valid.252@demo.com,9998000252,male,1990-01-01,Mumbai,Maharashtra,India,VIP
ValidUser,Last253,valid.253@demo.com,9998000253,male,1990-01-01,Mumbai,Maharashtra,India,VIP
ValidUser,Last254,valid.254@demo.com,9998000254,male,1990-01-01,Mumbai,Maharashtra,India,VIP
ValidUser,Last255,valid.255@demo.com,9998000255,male,1990-01-01,Mumbai,Maharashtra,India,VIP
ValidUser,Last256,valid.256@demo.com,9998000256,male,1990-01-01,Mumbai,Maharashtra,India,VIP
ValidUser,Last257,valid.257@demo.com,9998000257,male,1990-01-01,Mumbai,Maharashtra,India,VIP
ValidUser,Last258,valid.258@demo.com,9998000258,male,1990-01-01,Mumbai,Maharashtra,India,VIP
ValidUser,Last259,valid.259@demo.com,9998000259,male,1990-01-01,Mumbai,Maharashtra,India,VIP
ValidUser,Last260,valid.260@demo.com,9998000260,male,1990-01-01,Mumbai,Maharashtra,India,VIP
ValidUser,Last261,valid.261@demo.com,9998000261,male,1990-01-01,Mumbai,Maharashtra,India,VIP
ValidUser,Last262,valid.262@demo.com,9998000262,male,1990-01-01,Mumbai,Maharashtra,India,VIP
ValidUser,Last263,valid.263@demo.com,9998000263,male,1990-01-01,Mumbai,Maharashtra,India,VIP
ValidUser,Last264,valid.264@demo.com,9998000264,male,1990-01-01,Mumbai,Maharashtra,India,VIP
ValidUser,Last265,valid.265@demo.com,9998000265,male,1990-01-01,Mumbai,Maharashtra,India,VIP
ValidUser,Last266,valid.266@demo.com,9998000266,male,1990-01-01,Mumbai,Maharashtra,India,VIP
ValidUser,Last267,valid.267@demo.com,9998000267,male,1990-01-01,Mumbai,Maharashtra,India,VIP
ValidUser,Last268,valid.268@demo.com,9998000268,male,1990-01-01,Mumbai,Maharashtra,India,VIP
ValidUser,Last269,valid.269@demo.com,9998000269,male,1990-01-01,Mumbai,Maharashtra,India,VIP
ValidUser,Last270,valid.270@demo.com,9998000270,male,1990-01-01,Mumbai,Maharashtra,India,VIP
ValidUser,Last271,valid.271@demo.com,9998000271,male,1990-01-01,Mumbai,Maharashtra,India,VIP
ValidUser,Last272,valid.272@demo.com,9998000272,male,1990-01-01,Mumbai,Maharashtra,India,VIP
ValidUser,Last273,valid.273@demo.com,9998000273,male,1990-01-01,Mumbai,Maharashtra,India,VIP
ValidUser,Last274,valid.274@demo.com,9998000274,male,1990-01-01,Mumbai,Maharashtra,India,VIP
ValidUser,Last275,valid.275@demo.com,9998000275,male,1990-01-01,Mumbai,Maharashtra,India,VIP
ValidUser,Last276,valid.276@demo.com,9998000276,male,1990-01-01,Mumbai,Maharashtra,India,VIP
ValidUser,Last277,valid.277@demo.com,9998000277,male,1990-01-01,Mumbai,Maharashtra,India,VIP
ValidUser,Last278,valid.278@demo.com,9998000278,male,1990-01-01,Mumbai,Maharashtra,India,VIP
ValidUser,Last279,valid.279@demo.com,9998000279,male,1990-01-01,Mumbai,Maharashtra,India,VIP
ValidUser,Last280,valid.280@demo.com,9998000280,male,1990-01-01,Mumbai,Maharashtra,India,VIP
ValidUser,Last281,valid.281@demo.com,9998000281,male,1990-01-01,Mumbai,Maharashtra,India,VIP
ValidUser,Last282,valid.282@demo.com,9998000282,male,1990-01-01,Mumbai,Maharashtra,India,VIP
ValidUser,Last283,valid.283@demo.com,9998000283,male,1990-01-01,Mumbai,Maharashtra,India,VIP
ValidUser,Last284,valid.284@demo.com,9998000284,male,1990-01-01,Mumbai,Maharashtra,India,VIP
ValidUser,Last285,valid.285@demo.com,9998000285,male,1990-01-01,Mumbai,Maharashtra,India,VIP
ValidUser,Last286,valid.286@demo.com,9998000286,male,1990-01-01,Mumbai,Maharashtra,India,VIP
ValidUser,Last287,valid.287@demo.com,9998000287,male,1990-01-01,Mumbai,Maharashtra,India,VIP
ValidUser,Last288,valid.288@demo.com,9998000288,male,1990-01-01,Mumbai,Maharashtra,India,VIP
ValidUser,Last289,valid.289@demo.com,9998000289,male,1990-01-01,Mumbai,Maharashtra,India,VIP
ValidUser,Last290,valid.290@demo.com,9998000290,male,1990-01-01,Mumbai,Maharashtra,India,VIP
ValidUser,Last291,valid.291@demo.com,9998000291,male,1990-01-01,Mumbai,Maharashtra,India,VIP
ValidUser,Last292,valid.292@demo.com,9998000292,male,1990-01-01,Mumbai,Maharashtra,India,VIP
ValidUser,Last293,valid.293@demo.com,9998000293,male,1990-01-01,Mumbai,Maharashtra,India,VIP
ValidUser,Last294,valid.294@demo.com,9998000294,male,1990-01-01,Mumbai,Maharashtra,India,VIP
ValidUser,Last295,valid.295@demo.com,9998000295,male,1990-01-01,Mumbai,Maharashtra,India,VIP
ValidUser,Last296,valid.296@demo.com,9998000296,male,1990-01-01,Mumbai,Maharashtra,India,VIP
ValidUser,Last297,valid.297@demo.com,9998000297,male,1990-01-01,Mumbai,Maharashtra,India,VIP
ValidUser,Last298,valid.298@demo.com,9998000298,male,1990-01-01,Mumbai,Maharashtra,India,VIP
ValidUser,Last299,valid.299@demo.com,9998000299,male,1990-01-01,Mumbai,Maharashtra,India,VIP
ValidUser,Last300,valid.300@demo.com,9998000300,male,1990-01-01,Mumbai,Maharashtra,India,VIP
ValidUser,Last301,valid.301@demo.com,9998000301,male,1990-01-01,Mumbai,Maharashtra,India,VIP
ValidUser,Last302,valid.302@demo.com,9998000302,male,1990-01-01,Mumbai,Maharashtra,India,VIP
ValidUser,Last303,valid.303@demo.com,9998000303,male,1990-01-01,Mumbai,Maharashtra,India,VIP
ValidUser,Last304,valid.304@demo.com,9998000304,male,1990-01-01,Mumbai,Maharashtra,India,VIP
ValidUser,Last305,valid.305@demo.com,9998000305,male,1990-01-01,Mumbai,Maharashtra,India,VIP
ValidUser,Last306,valid.306@demo.com,9998000306,male,1990-01-01,Mumbai,Maharashtra,India,VIP
ValidUser,Last307,valid.307@demo.com,9998000307,male,1990-01-01,Mumbai,Maharashtra,India,VIP
ValidUser,Last308,valid.308@demo.com,9998000308,male,1990-01-01,Mumbai,Maharashtra,India,VIP
ValidUser,Last309,valid.309@demo.com,9998000309,male,1990-01-01,Mumbai,Maharashtra,India,VIP
ValidUser,Last310,valid.310@demo.com,9998000310,male,1990-01-01,Mumbai,Maharashtra,India,VIP
ValidUser,Last311,valid.311@demo.com,9998000311,male,1990-01-01,Mumbai,Maharashtra,India,VIP
ValidUser,Last312,valid.312@demo.com,9998000312,male,1990-01-01,Mumbai,Maharashtra,India,VIP
ValidUser,Last313,valid.313@demo.com,9998000313,male,1990-01-01,Mumbai,Maharashtra,India,VIP
ValidUser,Last314,valid.314@demo.com,9998000314,male,1990-01-01,Mumbai,Maharashtra,India,VIP
ValidUser,Last315,valid.315@demo.com,9998000315,male,1990-01-01,Mumbai,Maharashtra,India,VIP
ValidUser,Last316,valid.316@demo.com,9998000316,male,1990-01-01,Mumbai,Maharashtra,India,VIP
ValidUser,Last317,valid.317@demo.com,9998000317,male,1990-01-01,Mumbai,Maharashtra,India,VIP
ValidUser,Last318,valid.318@demo.com,9998000318,male,1990-01-01,Mumbai,Maharashtra,India,VIP
ValidUser,Last319,valid.319@demo.com,9998000319,male,1990-01-01,Mumbai,Maharashtra,India,VIP
ValidUser,Last320,valid.320@demo.com,9998000320,male,1990-01-01,Mumbai,Maharashtra,India,VIP
ValidUser,Last321,valid.321@demo.com,9998000321,male,1990-01-01,Mumbai,Maharashtra,India,VIP
ValidUser,Last322,valid.322@demo.com,9998000322,male,1990-01-01,Mumbai,Maharashtra,India,VIP
ValidUser,Last323,valid.323@demo.com,9998000323,male,1990-01-01,Mumbai,Maharashtra,India,VIP
ValidUser,Last324,valid.324@demo.com,9998000324,male,1990-01-01,Mumbai,Maharashtra,India,VIP
ValidUser,Last325,valid.325@demo.com,9998000325,male,1990-01-01,Mumbai,Maharashtra,India,VIP
ValidUser,Last326,valid.326@demo.com,9998000326,male,1990-01-01,Mumbai,Maharashtra,India,VIP
ValidUser,Last327,valid.327@demo.com,9998000327,male,1990-01-01,Mumbai,Maharashtra,India,VIP
ValidUser,Last328,valid.328@demo.com,9998000328,male,1990-01-01,Mumbai,Maharashtra,India,VIP
ValidUser,Last329,valid.329@demo.com,9998000329,male,1990-01-01,Mumbai,Maharashtra,India,VIP
ValidUser,Last330,valid.330@demo.com,9998000330,male,1990-01-01,Mumbai,Maharashtra,India,VIP
ValidUser,Last331,valid.331@demo.com,9998000331,male,1990-01-01,Mumbai,Maharashtra,India,VIP
ValidUser,Last332,valid.332@demo.com,9998000332,male,1990-01-01,Mumbai,Maharashtra,India,VIP
ValidUser,Last333,valid.333@demo.com,9998000333,male,1990-01-01,Mumbai,Maharashtra,India,VIP
ValidUser,Last334,valid.334@demo.com,9998000334,male,1990-01-01,Mumbai,Maharashtra,India,VIP
ValidUser,Last335,valid.335@demo.com,9998000335,male,1990-01-01,Mumbai,Maharashtra,India,VIP
ValidUser,Last336,valid.336@demo.com,9998000336,male,1990-01-01,Mumbai,Maharashtra,India,VIP
ValidUser,Last337,valid.337@demo.com,9998000337,male,1990-01-01,Mumbai,Maharashtra,India,VIP
ValidUser,Last338,valid.338@demo.com,9998000338,male,1990-01-01,Mumbai,Maharashtra,India,VIP
ValidUser,Last339,valid.339@demo.com,9998000339,male,1990-01-01,Mumbai,Maharashtra,India,VIP
ValidUser,Last340,valid.340@demo.com,9998000340,male,1990-01-01,Mumbai,Maharashtra,India,VIP
ValidUser,Last341,valid.341@demo.com,9998000341,male,1990-01-01,Mumbai,Maharashtra,India,VIP
ValidUser,Last342,valid.342@demo.com,9998000342,male,1990-01-01,Mumbai,Maharashtra,India,VIP
ValidUser,Last343,valid.343@demo.com,9998000343,male,1990-01-01,Mumbai,Maharashtra,India,VIP
ValidUser,Last344,valid.344@demo.com,9998000344,male,1990-01-01,Mumbai,Maharashtra,India,VIP
ValidUser,Last345,valid.345@demo.com,9998000345,male,1990-01-01,Mumbai,Maharashtra,India,VIP
ValidUser,Last346,valid.346@demo.com,9998000346,male,1990-01-01,Mumbai,Maharashtra,India,VIP
ValidUser,Last347,valid.347@demo.com,9998000347,male,1990-01-01,Mumbai,Maharashtra,India,VIP
ValidUser,Last348,valid.348@demo.com,9998000348,male,1990-01-01,Mumbai,Maharashtra,India,VIP
ValidUser,Last349,valid.349@demo.com,9998000349,male,1990-01-01,Mumbai,Maharashtra,India,VIP
ValidUser,Last350,valid.350@demo.com,9998000350,male,1990-01-01,Mumbai,Maharashtra,India,VIP
ValidUser,Last351,valid.351@demo.com,9998000351,male,1990-01-01,Mumbai,Maharashtra,India,VIP
ValidUser,Last352,valid.352@demo.com,9998000352,male,1990-01-01,Mumbai,Maharashtra,India,VIP
ValidUser,Last353,valid.353@demo.com,9998000353,male,1990-01-01,Mumbai,Maharashtra,India,VIP
ValidUser,Last354,valid.354@demo.com,9998000354,male,1990-01-01,Mumbai,Maharashtra,India,VIP
ValidUser,Last355,valid.355@demo.com,9998000355,male,1990-01-01,Mumbai,Maharashtra,India,VIP
ValidUser,Last356,valid.356@demo.com,9998000356,male,1990-01-01,Mumbai,Maharashtra,India,VIP
ValidUser,Last357,valid.357@demo.com,9998000357,male,1990-01-01,Mumbai,Maharashtra,India,VIP
ValidUser,Last358,valid.358@demo.com,9998000358,male,1990-01-01,Mumbai,Maharashtra,India,VIP
ValidUser,Last359,valid.359@demo.com,9998000359,male,1990-01-01,Mumbai,Maharashtra,India,VIP
ValidUser,Last360,valid.360@demo.com,9998000360,male,1990-01-01,Mumbai,Maharashtra,India,VIP
ValidUser,Last361,valid.361@demo.com,9998000361,male,1990-01-01,Mumbai,Maharashtra,India,VIP
ValidUser,Last362,valid.362@demo.com,9998000362,male,1990-01-01,Mumbai,Maharashtra,India,VIP
ValidUser,Last363,valid.363@demo.com,9998000363,male,1990-01-01,Mumbai,Maharashtra,India,VIP
ValidUser,Last364,valid.364@demo.com,9998000364,male,1990-01-01,Mumbai,Maharashtra,India,VIP
ValidUser,Last365,valid.365@demo.com,9998000365,male,1990-01-01,Mumbai,Maharashtra,India,VIP
ValidUser,Last366,valid.366@demo.com,9998000366,male,1990-01-01,Mumbai,Maharashtra,India,VIP
ValidUser,Last367,valid.367@demo.com,9998000367,male,1990-01-01,Mumbai,Maharashtra,India,VIP
ValidUser,Last368,valid.368@demo.com,9998000368,male,1990-01-01,Mumbai,Maharashtra,India,VIP
ValidUser,Last369,valid.369@demo.com,9998000369,male,1990-01-01,Mumbai,Maharashtra,India,VIP
ValidUser,Last370,valid.370@demo.com,9998000370,male,1990-01-01,Mumbai,Maharashtra,India,VIP
ValidUser,Last371,valid.371@demo.com,9998000371,male,1990-01-01,Mumbai,Maharashtra,India,VIP
ValidUser,Last372,valid.372@demo.com,9998000372,male,1990-01-01,Mumbai,Maharashtra,India,VIP
ValidUser,Last373,valid.373@demo.com,9998000373,male,1990-01-01,Mumbai,Maharashtra,India,VIP
ValidUser,Last374,valid.374@demo.com,9998000374,male,1990-01-01,Mumbai,Maharashtra,India,VIP
ValidUser,Last375,valid.375@demo.com,9998000375,male,1990-01-01,Mumbai,Maharashtra,India,VIP
ValidUser,Last376,valid.376@demo.com,9998000376,male,1990-01-01,Mumbai,Maharashtra,India,VIP
ValidUser,Last377,valid.377@demo.com,9998000377,male,1990-01-01,Mumbai,Maharashtra,India,VIP
ValidUser,Last378,valid.378@demo.com,9998000378,male,1990-01-01,Mumbai,Maharashtra,India,VIP
ValidUser,Last379,valid.379@demo.com,9998000379,male,1990-01-01,Mumbai,Maharashtra,India,VIP
ValidUser,Last380,valid.380@demo.com,9998000380,male,1990-01-01,Mumbai,Maharashtra,India,VIP
ValidUser,Last381,valid.381@demo.com,9998000381,male,1990-01-01,Mumbai,Maharashtra,India,VIP
ValidUser,Last382,valid.382@demo.com,9998000382,male,1990-01-01,Mumbai,Maharashtra,India,VIP
ValidUser,Last383,valid.383@demo.com,9998000383,male,1990-01-01,Mumbai,Maharashtra,India,VIP
ValidUser,Last384,valid.384@demo.com,9998000384,male,1990-01-01,Mumbai,Maharashtra,India,VIP
ValidUser,Last385,valid.385@demo.com,9998000385,male,1990-01-01,Mumbai,Maharashtra,India,VIP
ValidUser,Last386,valid.386@demo.com,9998000386,male,1990-01-01,Mumbai,Maharashtra,India,VIP
ValidUser,Last387,valid.387@demo.com,9998000387,male,1990-01-01,Mumbai,Maharashtra,India,VIP
ValidUser,Last388,valid.388@demo.com,9998000388,male,1990-01-01,Mumbai,Maharashtra,India,VIP
ValidUser,Last389,valid.389@demo.com,9998000389,male,1990-01-01,Mumbai,Maharashtra,India,VIP
ValidUser,Last390,valid.390@demo.com,9998000390,male,1990-01-01,Mumbai,Maharashtra,India,VIP
ValidUser,Last391,valid.391@demo.com,9998000391,male,1990-01-01,Mumbai,Maharashtra,India,VIP
ValidUser,Last392,valid.392@demo.com,9998000392,male,1990-01-01,Mumbai,Maharashtra,India,VIP
ValidUser,Last393,valid.393@demo.com,9998000393,male,1990-01-01,Mumbai,Maharashtra,India,VIP
ValidUser,Last394,valid.394@demo.com,9998000394,male,1990-01-01,Mumbai,Maharashtra,India,VIP
ValidUser,Last395,valid.395@demo.com,9998000395,male,1990-01-01,Mumbai,Maharashtra,India,VIP
ValidUser,Last396,valid.396@demo.com,9998000396,male,1990-01-01,Mumbai,Maharashtra,India,VIP
ValidUser,Last397,valid.397@demo.com,9998000397,male,1990-01-01,Mumbai,Maharashtra,India,VIP
ValidUser,Last398,valid.398@demo.com,9998000398,male,1990-01-01,Mumbai,Maharashtra,India,VIP
ValidUser,Last399,valid.399@demo.com,9998000399,male,1990-01-01,Mumbai,Maharashtra,India,VIP
ValidUser,Last400,valid.400@demo.com,9998000400,male,1990-01-01,Mumbai,Maharashtra,India,VIP
ValidUser,Last401,valid.401@demo.com,9998000401,male,1990-01-01,Mumbai,Maharashtra,India,VIP
ValidUser,Last402,valid.402@demo.com,9998000402,male,1990-01-01,Mumbai,Maharashtra,India,VIP
ValidUser,Last403,valid.403@demo.com,9998000403,male,1990-01-01,Mumbai,Maharashtra,India,VIP
ValidUser,Last404,valid.404@demo.com,9998000404,male,1990-01-01,Mumbai,Maharashtra,India,VIP
ValidUser,Last405,valid.405@demo.com,9998000405,male,1990-01-01,Mumbai,Maharashtra,India,VIP
ValidUser,Last406,valid.406@demo.com,9998000406,male,1990-01-01,Mumbai,Maharashtra,India,VIP
ValidUser,Last407,valid.407@demo.com,9998000407,male,1990-01-01,Mumbai,Maharashtra,India,VIP
ValidUser,Last408,valid.408@demo.com,9998000408,male,1990-01-01,Mumbai,Maharashtra,India,VIP
ValidUser,Last409,valid.409@demo.com,9998000409,male,1990-01-01,Mumbai,Maharashtra,India,VIP
ValidUser,Last410,valid.410@demo.com,9998000410,male,1990-01-01,Mumbai,Maharashtra,India,VIP
ValidUser,Last411,valid.411@demo.com,9998000411,male,1990-01-01,Mumbai,Maharashtra,India,VIP
ValidUser,Last412,valid.412@demo.com,9998000412,male,1990-01-01,Mumbai,Maharashtra,India,VIP
ValidUser,Last413,valid.413@demo.com,9998000413,male,1990-01-01,Mumbai,Maharashtra,India,VIP
ValidUser,Last414,valid.414@demo.com,9998000414,male,1990-01-01,Mumbai,Maharashtra,India,VIP
ValidUser,Last415,valid.415@demo.com,9998000415,male,1990-01-01,Mumbai,Maharashtra,India,VIP
ValidUser,Last416,valid.416@demo.com,9998000416,male,1990-01-01,Mumbai,Maharashtra,India,VIP
ValidUser,Last417,valid.417@demo.com,9998000417,male,1990-01-01,Mumbai,Maharashtra,India,VIP
ValidUser,Last418,valid.418@demo.com,9998000418,male,1990-01-01,Mumbai,Maharashtra,India,VIP
ValidUser,Last419,valid.419@demo.com,9998000419,male,1990-01-01,Mumbai,Maharashtra,India,VIP
ValidUser,Last420,valid.420@demo.com,9998000420,male,1990-01-01,Mumbai,Maharashtra,India,VIP
ValidUser,Last421,valid.421@demo.com,9998000421,male,1990-01-01,Mumbai,Maharashtra,India,VIP
ValidUser,Last422,valid.422@demo.com,9998000422,male,1990-01-01,Mumbai,Maharashtra,India,VIP
ValidUser,Last423,valid.423@demo.com,9998000423,male,1990-01-01,Mumbai,Maharashtra,India,VIP
ValidUser,Last424,valid.424@demo.com,9998000424,male,1990-01-01,Mumbai,Maharashtra,India,VIP
ValidUser,Last425,valid.425@demo.com,9998000425,male,1990-01-01,Mumbai,Maharashtra,India,VIP
ValidUser,Last426,valid.426@demo.com,9998000426,male,1990-01-01,Mumbai,Maharashtra,India,VIP
ValidUser,Last427,valid.427@demo.com,9998000427,male,1990-01-01,Mumbai,Maharashtra,India,VIP
ValidUser,Last428,valid.428@demo.com,9998000428,male,1990-01-01,Mumbai,Maharashtra,India,VIP
ValidUser,Last429,valid.429@demo.com,9998000429,male,1990-01-01,Mumbai,Maharashtra,India,VIP
ValidUser,Last430,valid.430@demo.com,9998000430,male,1990-01-01,Mumbai,Maharashtra,India,VIP
ValidUser,Last431,valid.431@demo.com,9998000431,male,1990-01-01,Mumbai,Maharashtra,India,VIP
ValidUser,Last432,valid.432@demo.com,9998000432,male,1990-01-01,Mumbai,Maharashtra,India,VIP
ValidUser,Last433,valid.433@demo.com,9998000433,male,1990-01-01,Mumbai,Maharashtra,India,VIP
ValidUser,Last434,valid.434@demo.com,9998000434,male,1990-01-01,Mumbai,Maharashtra,India,VIP
ValidUser,Last435,valid.435@demo.com,9998000435,male,1990-01-01,Mumbai,Maharashtra,India,VIP
ValidUser,Last436,valid.436@demo.com,9998000436,male,1990-01-01,Mumbai,Maharashtra,India,VIP
ValidUser,Last437,valid.437@demo.com,9998000437,male,1990-01-01,Mumbai,Maharashtra,India,VIP
ValidUser,Last438,valid.438@demo.com,9998000438,male,1990-01-01,Mumbai,Maharashtra,India,VIP
ValidUser,Last439,valid.439@demo.com,9998000439,male,1990-01-01,Mumbai,Maharashtra,India,VIP
ValidUser,Last440,valid.440@demo.com,9998000440,male,1990-01-01,Mumbai,Maharashtra,India,VIP
ValidUser,Last441,valid.441@demo.com,9998000441,male,1990-01-01,Mumbai,Maharashtra,India,VIP
ValidUser,Last442,valid.442@demo.com,9998000442,male,1990-01-01,Mumbai,Maharashtra,India,VIP
ValidUser,Last443,valid.443@demo.com,9998000443,male,1990-01-01,Mumbai,Maharashtra,India,VIP
ValidUser,Last444,valid.444@demo.com,9998000444,male,1990-01-01,Mumbai,Maharashtra,India,VIP
ValidUser,Last445,valid.445@demo.com,9998000445,male,1990-01-01,Mumbai,Maharashtra,India,VIP
ValidUser,Last446,valid.446@demo.com,9998000446,male,1990-01-01,Mumbai,Maharashtra,India,VIP
ValidUser,Last447,valid.447@demo.com,9998000447,male,1990-01-01,Mumbai,Maharashtra,India,VIP
ValidUser,Last448,valid.448@demo.com,9998000448,male,1990-01-01,Mumbai,Maharashtra,India,VIP
ValidUser,Last449,valid.449@demo.com,9998000449,male,1990-01-01,Mumbai,Maharashtra,India,VIP
ValidUser,Last450,valid.450@demo.com,9998000450,male,1990-01-01,Mumbai,Maharashtra,India,VIP
ValidUser,Last451,valid.451@demo.com,9998000451,male,1990-01-01,Mumbai,Maharashtra,India,VIP
ValidUser,Last452,valid.452@demo.com,9998000452,male,1990-01-01,Mumbai,Maharashtra,India,VIP
ValidUser,Last453,valid.453@demo.com,9998000453,male,1990-01-01,Mumbai,Maharashtra,India,VIP
ValidUser,Last454,valid.454@demo.com,9998000454,male,1990-01-01,Mumbai,Maharashtra,India,VIP
ValidUser,Last455,valid.455@demo.com,9998000455,male,1990-01-01,Mumbai,Maharashtra,India,VIP
ValidUser,Last456,valid.456@demo.com,9998000456,male,1990-01-01,Mumbai,Maharashtra,India,VIP
ValidUser,Last457,valid.457@demo.com,9998000457,male,1990-01-01,Mumbai,Maharashtra,India,VIP
ValidUser,Last458,valid.458@demo.com,9998000458,male,1990-01-01,Mumbai,Maharashtra,India,VIP
ValidUser,Last459,valid.459@demo.com,9998000459,male,1990-01-01,Mumbai,Maharashtra,India,VIP
ValidUser,Last460,valid.460@demo.com,9998000460,male,1990-01-01,Mumbai,Maharashtra,India,VIP
ValidUser,Last461,valid.461@demo.com,9998000461,male,1990-01-01,Mumbai,Maharashtra,India,VIP
ValidUser,Last462,valid.462@demo.com,9998000462,male,1990-01-01,Mumbai,Maharashtra,India,VIP
ValidUser,Last463,valid.463@demo.com,9998000463,male,1990-01-01,Mumbai,Maharashtra,India,VIP
ValidUser,Last464,valid.464@demo.com,9998000464,male,1990-01-01,Mumbai,Maharashtra,India,VIP
ValidUser,Last465,valid.465@demo.com,9998000465,male,1990-01-01,Mumbai,Maharashtra,India,VIP
ValidUser,Last466,valid.466@demo.com,9998000466,male,1990-01-01,Mumbai,Maharashtra,India,VIP
ValidUser,Last467,valid.467@demo.com,9998000467,male,1990-01-01,Mumbai,Maharashtra,India,VIP
ValidUser,Last468,valid.468@demo.com,9998000468,male,1990-01-01,Mumbai,Maharashtra,India,VIP
ValidUser,Last469,valid.469@demo.com,9998000469,male,1990-01-01,Mumbai,Maharashtra,India,VIP
ValidUser,Last470,valid.470@demo.com,9998000470,male,1990-01-01,Mumbai,Maharashtra,India,VIP
ValidUser,Last471,valid.471@demo.com,9998000471,male,1990-01-01,Mumbai,Maharashtra,India,VIP
ValidUser,Last472,valid.472@demo.com,9998000472,male,1990-01-01,Mumbai,Maharashtra,India,VIP
ValidUser,Last473,valid.473@demo.com,9998000473,male,1990-01-01,Mumbai,Maharashtra,India,VIP
ValidUser,Last474,valid.474@demo.com,9998000474,male,1990-01-01,Mumbai,Maharashtra,India,VIP
ValidUser,Last475,valid.475@demo.com,9998000475,male,1990-01-01,Mumbai,Maharashtra,India,VIP
ValidUser,Last476,valid.476@demo.com,9998000476,male,1990-01-01,Mumbai,Maharashtra,India,VIP
ValidUser,Last477,valid.477@demo.com,9998000477,male,1990-01-01,Mumbai,Maharashtra,India,VIP
ValidUser,Last478,valid.478@demo.com,9998000478,male,1990-01-01,Mumbai,Maharashtra,India,VIP
ValidUser,Last479,valid.479@demo.com,9998000479,male,1990-01-01,Mumbai,Maharashtra,India,VIP
ValidUser,Last480,valid.480@demo.com,9998000480,male,1990-01-01,Mumbai,Maharashtra,India,VIP
ValidUser,Last481,valid.481@demo.com,9998000481,male,1990-01-01,Mumbai,Maharashtra,India,VIP
ValidUser,Last482,valid.482@demo.com,9998000482,male,1990-01-01,Mumbai,Maharashtra,India,VIP
ValidUser,Last483,valid.483@demo.com,9998000483,male,1990-01-01,Mumbai,Maharashtra,India,VIP
ValidUser,Last484,valid.484@demo.com,9998000484,male,1990-01-01,Mumbai,Maharashtra,India,VIP
ValidUser,Last485,valid.485@demo.com,9998000485,male,1990-01-01,Mumbai,Maharashtra,India,VIP
ValidUser,Last486,valid.486@demo.com,9998000486,male,1990-01-01,Mumbai,Maharashtra,India,VIP
ValidUser,Last487,valid.487@demo.com,9998000487,male,1990-01-01,Mumbai,Maharashtra,India,VIP
ValidUser,Last488,valid.488@demo.com,9998000488,male,1990-01-01,Mumbai,Maharashtra,India,VIP
ValidUser,Last489,valid.489@demo.com,9998000489,male,1990-01-01,Mumbai,Maharashtra,India,VIP
InvalidUser,Bad,bademail0,9870000001,male,1990-01-01,Mumbai,MH,India,
InvalidUser,Bad,bademail1,9870000001,male,1990-01-01,Mumbai,MH,India,
InvalidUser,Bad,bademail2,9870000001,male,1990-01-01,Mumbai,MH,India,
InvalidUser,Bad,good@demo.com,123,male,1990-01-01,Mumbai,MH,India,
InvalidUser,Bad,good@demo.com,123,male,1990-01-01,Mumbai,MH,India,
InvalidUser,Bad,good@demo.com,123,male,1990-01-01,Mumbai,MH,India,
,Bad,good2@demo.com,9870000002,male,1990-01-01,Mumbai,MH,India,
,Bad,good2@demo.com,9870000002,male,1990-01-01,Mumbai,MH,India,
,Bad,good2@demo.com,9870000002,male,1990-01-01,Mumbai,MH,India,
,Bad,good2@demo.com,9870000002,male,1990-01-01,Mumbai,MH,India,
